Asset,Kind,Filename to save as,Prompt
Set plate,talent plate,Runebearer Overview.jpg,"Generate an image in a stylized, heavy painted digital painting.  The style emphasizes exaggerated proportions and visible, detailed brushwork, avoiding photorealism. The brushstrokes are clear, textured, and rich, with a high degree of contrast and depth. No modern text or logos are present, no hard line or contour. The lighting is the dominant atmospheric element.



In a High dark fantasy Victorian era, in a 4:3 format, low details, simple background


a bare-shouldered figure covered in carved glowing runes across the arms and back, one rune brighter than the rest."
RUNEWORK,card,Runework.jpg,"Generate an image in a stylized, heavy painted digital painting.  The style emphasizes exaggerated proportions and visible, detailed brushwork, avoiding photorealism. The brushstrokes are clear, textured, and rich, with a high degree of contrast and depth. No modern text or logos are present, no hard line or contour. The lighting is the dominant atmospheric element.



In a High dark fantasy Victorian era, in a 4:3 format, low details, simple background


a needle and dark ink cutting a fresh sigil into a forearm, older runes faintly lit around it."
RUNE ACTIVATION,card,Rune Activation.jpg,"Generate an image in a stylized, heavy painted digital painting.  The style emphasizes exaggerated proportions and visible, detailed brushwork, avoiding photorealism. The brushstrokes are clear, textured, and rich, with a high degree of contrast and depth. No modern text or logos are present, no hard line or contour. The lighting is the dominant atmospheric element.



In a High dark fantasy Victorian era, in a 4:3 format, low details, simple background


a hand slapped flat against a shoulder rune, the rune flaring white."
RECHARGED,card,Recharged.jpg,"Generate an image in a stylized, heavy painted digital painting.  The style emphasizes exaggerated proportions and visible, detailed brushwork, avoiding photorealism. The brushstrokes are clear, textured, and rich, with a high degree of contrast and depth. No modern text or logos are present, no hard line or contour. The lighting is the dominant atmospheric element.



In a High dark fantasy Victorian era, in a 4:3 format, low details, simple background


a seated figure at rest, three of the runes on their arms coming back to a low glow."
RUNIC NETWORK,card,Runic Network.jpg,"Generate an image in a stylized, heavy painted digital painting.  The style emphasizes exaggerated proportions and visible, detailed brushwork, avoiding photorealism. The brushstrokes are clear, textured, and rich, with a high degree of contrast and depth. No modern text or logos are present, no hard line or contour. The lighting is the dominant atmospheric element.



In a High dark fantasy Victorian era, in a 4:3 format, low details, simple background


runes across a back linked by thin lines of light into a single pattern."
INSTINCTIVE ACTIVATION,card,Instinctive Activation.jpg,"Generate an image in a stylized, heavy painted digital painting.  The style emphasizes exaggerated proportions and visible, detailed brushwork, avoiding photorealism. The brushstrokes are clear, textured, and rich, with a high degree of contrast and depth. No modern text or logos are present, no hard line or contour. The lighting is the dominant atmospheric element.



In a High dark fantasy Victorian era, in a 4:3 format, low details, simple background


two runes on opposite arms firing at once without either hand moving."
STREAMLINED PATTERNS,card,Streamlined Patterns.jpg,"Generate an image in a stylized, heavy painted digital painting.  The style emphasizes exaggerated proportions and visible, detailed brushwork, avoiding photorealism. The brushstrokes are clear, textured, and rich, with a high degree of contrast and depth. No modern text or logos are present, no hard line or contour. The lighting is the dominant atmospheric element.



In a High dark fantasy Victorian era, in a 4:3 format, low details, simple background


a body of runes redrawn into one clean continuous line, the old scars faded under it."
